{
  "tasks": [
    {
      "id": 1,
      "title": "Finalizar componente Header",
      "priority": "High",
      "members": [
        "Valderama"
      ],
      "commentsCount": 3,
      "completedTasksCount": 5,
      "progress": 60,
      "startDate": "2025-01-07T10:00:00",
      "endDate": "2025-01-09T18:00:00",
      "estimatedTime": "2 dias 8 horas",
      "createdBy": "user123"
    },
    {
      "id": 2,
      "title": "Organizar layout",
      "priority": "mid",
      "members": [
        "Lurdes"
      ],
      "commentsCount": 33,
      "completedTasksCount": 25,
      "progress": 75,
      "startDate": "2025-01-07T10:00:00",
      "endDate": "2025-01-09T18:00:00",
      "estimatedTime": "2 dias 8 horas",
      "createdBy": "user321"
    },
    {
      "id": 3,
      "title": "Filtras tarefas do banco",
      "priority": "low",
      "members": [
        "Wan-der-ley"
      ],
      "commentsCount": 32,
      "completedTasksCount": 15,
      "progress": 60,
      "startDate": "2025-01-07T10:00:00",
      "endDate": "2025-01-09T18:00:00",
      "estimatedTime": "1 dias 8 horas",
      "createdBy": "user467"
    }
  ],
  "users": [
     
    
  ]
}